Edad,TicketPromMes
18,59.23
18,35.63
18,58.5
18,53.02
18,62
18,57.56
18,60.98
18,41.47
18,36.85
18,51.18
18,42.1
18,47.7
18,36.91
18,34.68
18,48.79
18,45.87
18,46.42
18,59.92
18,75.54
18,43.52
18,49.75
18,51.54
18,56.56
18,47.71
18,38.06
18,41.39
18,41.88
18,39.43
18,32.19
18,46.25
18,59.26
18,32.61
18,59.32
18,53.64
18,69.18
18,38.08
18,36.2
18,59.23
18,48.92
18,44.33
18,51.1
18,33.59
18,47.35
18,35.96
18,58.58
18,31.83
18,41.63
18,48.89
18,37.17
18,44.17
19,60.57
19,44.26
19,43.52
19,78.03
19,37.26
19,43.94
19,75.75
19,43.53
19,56.5
19,38.66
19,51.8
19,51.01
19,57.47
19,44.55
19,53.56
19,36.83
19,54.34
19,48
19,60.4
19,43.31
19,74.49
19,39.39
19,35.9
19,36.47
19,76.35
19,47.06
19,62.77
19,41.49
19,41.02
19,52.81
19,51.8
19,50.12
19,36.33
19,39.79
19,35.97
19,58.81
19,42.19
19,50.58
19,41.64
19,57.22
19,61.65
19,48.73
19,40.58
19,37.5
19,59.26
19,53.2
19,56.91
19,41.17
19,43.12
19,48.05
19,40.45
19,41.83
19,40.75
19,52.59
19,56.54
19,45.69
19,39.34
19,60.1
19,46.67
19,38.51
19,56.14
19,38.27
19,74.67
19,67.12
19,35.95
19,51.87
19,43.96
19,50.37
19,66.14
19,47.54
19,77.72
19,50.04
19,52.25
19,55.41
19,42.75
19,40.18
19,46.25
19,50.12
19,54.56
19,40.16
19,66.05
19,52.43
19,55.87
19,45.99
19,64.89
20,43.62
20,38.1
20,56.53
20,61.68
20,54.94
20,37.08
20,32.07
20,44.68
20,49.72
20,54.71
20,45.17
20,47.57
20,50.37
20,58.92
20,41.92
20,56.26
20,46.69
20,38.18
20,52.22
20,58.42
20,62.03
20,49.35
20,65.39
20,55.97
20,50.38
20,53.76
20,35.22
20,49.64
20,40.25
20,38.51
20,56.24
20,42.93
20,43.73
20,44.8
20,46.95
20,63.46
20,52.68
20,44.91
20,46.3
20,39.63
20,58.69
20,36.25
20,35.49
20,40.8
20,44.45
20,44.16
20,48.24
20,64.06
20,59.93
20,50.49
20,76.28
20,49.1
20,50.93
20,56.09
20,34.35
20,41.6
20,48.63
20,42.15
20,36.4
20,35.75
20,50.13
20,53.7
20,44.81
20,55.12
20,53.33
20,32.06
20,50.66
20,52.6
20,48.46
20,72.6
20,64.45
20,34.91
20,60.78
20,39.69
20,59.65
20,51.64
20,72.9
20,34.09
20,39.91
20,38.38
20,68.11
20,36.16
20,54.36
20,54.93
20,46.43
20,52.62
20,45.66
20,44.39
20,34.91
21,56.91
21,40.04
21,60.02
21,33.52
21,50.52
21,43.56
21,53.18
21,45.61
21,35.87
21,53.98
21,35.38
21,50.41
21,53.61
21,38.04
21,39.79
21,48.35
21,63.47
21,56.21
21,58.8
21,38.77
21,41.6
21,48.45
21,37.74
21,37.83
21,44.16
21,45.77
21,36.38
21,38.97
21,33.45
21,39.56
21,62.54
21,43.12
21,57.15
21,33.95
21,34.99
21,58.23
21,38.18
21,39.23
21,60.07
21,41.59
21,48.44
21,34.58
21,42.25
21,53.39
21,34.23
21,56.73
21,45.8
21,52.72
21,59.08
21,55.95
21,37.92
21,47.67
21,32.73
21,43.27
21,61.13
21,72.64
21,70.85
21,40.35
21,63.97
21,56.88
21,53.13
21,42.63
21,47.56
21,67.97
21,51.34
21,47.97
21,59.98
21,66.36
21,55.11
21,41.32
21,43.44
21,64.4
21,40.56
21,47.08
21,42.39
21,62.15
21,38.73
21,41.8
21,64.6
21,44.2
21,63.82
21,51.22
21,50.98
21,44.85
21,48.81
21,68.6
22,39.84
22,49.66
22,41.43
22,45.05
22,45.35
22,41.17
22,62.64
22,65.13
22,43.35
22,44.37
22,62.43
22,70.12
22,39.39
22,59.88
22,50.63
22,37.95
22,54.69
22,37.12
22,42.8
22,56.27
22,41.48
22,42.42
22,45.74
22,39.27
22,64.9
22,47.03
22,41.08
22,64.01
22,51.87
22,32.85
22,48.4
22,43.74
22,63.52
22,34.53
22,47.38
22,37.63
22,73.52
22,45.6
22,50.05
22,38.68
22,67.49
22,50.84
22,69.49
22,50.01
22,46.12
22,38.06
22,56.25
22,52.86
22,49.35
22,39.7
22,34.51
22,67.37
22,74.07
22,67.64
22,59.54
22,36.51
22,32.47
22,63.99
22,60.2
22,66.99
22,38.48
22,35.44
22,41.75
22,72.31
22,38.21
22,46.8
22,41.35
22,37.38
22,63.81
22,44.07
22,47.96
22,37.62
23,35.52
23,34.81
23,47.46
23,38.83
23,39.26
23,60.76
23,41.03
23,32.58
23,71.59
23,61.74
23,66.26
23,39.58
23,47.92
23,59.47
23,52.16
23,59.73
23,50.23
23,77.89
23,44.23
23,54.88
23,66.69
23,37.62
23,57.1
23,37.72
23,53.34
23,46.33
23,45.95
23,35.38
23,47.39
23,39.62
23,56.07
23,47.95
23,71.19
23,49.04
23,54.86
23,37.54
23,47.7
23,56.99
23,34.69
23,60.56
23,35.11
23,53.31
23,47.9
23,42.46
23,38.89
23,57.11
23,42.64
23,36.49
23,44.19
23,49.46
23,41.81
23,52.54
23,35.17
23,48
23,44.77
23,46.41
23,51.83
23,53.44
23,49.95
23,43.37
23,42.19
23,48.66
23,43.9
23,51.89
23,69.09
23,42.61
23,45.88
23,49.02
23,54.1
23,60.37
23,73.89
23,54.73
23,39.6
23,60.17
23,40.4
23,72.24
23,47.08
23,52.69
23,45.59
23,72.35
24,40.2
24,43.81
24,39.81
24,62.9
24,53.18
24,55.12
24,48.29
24,69.33
24,57.15
24,49.65
24,52.14
24,46.36
24,38.21
24,38.63
24,50.16
24,49.01
24,40.06
24,41.95
24,48.55
24,51.9
24,39.11
24,65.68
24,44.68
24,47.36
24,43.15
24,65.32
24,60.11
24,47.9
24,40.78
24,41.94
24,44.89
24,44.5
24,47.15
24,50.32
24,56.65
24,33.77
24,34.99
24,42.37
24,116.02
24,69.37
24,77.81
24,109.51
24,80.27
24,58.14
24,100.46
24,64.49
24,62.83
24,95.5
24,85.36
24,91.01
24,105.38
24,116.09
24,92.05
24,64.28
24,106.42
24,65.9
24,63.58
24,116.26
24,59.28
24,64.54
24,74.23
24,90.24
24,46.77
24,48.59
24,51.4
24,50.31
24,45.34
24,54.59
24,51.92
24,66.52
24,48.91
24,71.26
24,119.22
24,58.72
24,112.19
24,50.26
24,52.82
24,70.23
24,69.99
24,82.84
24,44.72
24,121.4
24,64.62
24,71.74
24,74.13
24,69.54
24,66.07
24,89.22
25,57.63
25,125.67
25,58.78
25,72.84
25,60.77
25,119.18
25,71.08
25,75.95
25,60.24
25,73.5
25,57.46
25,58.09
25,74.05
25,84.65
25,55.71
25,72.59
25,45.04
25,58.88
25,76.8
25,55.2
25,69.12
25,67.01
25,72.93
25,101.97
25,61.81
25,88.12
25,78.2
25,68.24
25,49.48
25,56.18
25,91.66
25,111.51
25,43.4
25,88.21
25,90.88
25,44.38
25,92.01
25,91.89
25,63.89
25,49.31
25,95.57
25,60.41
25,65.47
25,78.22
25,54.11
25,60.44
25,41.74
25,93.58
25,98.09
25,51.81
25,99.47
25,64.42
25,68.08
25,78.53
25,83.38
25,56.45
25,86.25
25,115.39
25,96.27
25,115.9
25,79.86
25,54.91
25,56.53
25,49.68
25,101.4
25,55.08
25,112.01
25,87.36
25,103.2
25,90.95
25,73.87
25,60.73
25,42.9
25,93.45
25,119.36
25,55.25
25,71.57
25,60
25,52.56
25,49.48
25,49.47
25,50.04
26,56.69
26,48.9
26,54.05
26,56.06
26,48.81
26,57.97
26,74.43
26,102.58
26,95.06
26,74.31
26,108.08
26,46.2
26,80.63
26,70.26
26,49.66
26,92.24
26,65.81
26,83.93
26,70.36
26,58.05
26,96.03
26,52.28
26,114.33
26,83.76
26,114.74
26,57.79
26,42.17
26,45.62
26,99.07
26,50.46
26,121.54
26,68.44
26,55.05
26,79.8
26,46.64
26,76.9
26,62.07
26,68.1
26,72.75
26,104.53
26,42.23
26,48.99
26,80.23
26,95.03
26,70.53
26,48.8
26,71.01
26,60.34
26,106.3
26,48.43
26,68.34
26,85.47
26,70.26
26,73.88
26,75.83
26,52.39
26,43.45
26,70.35
26,111.71
26,104.4
26,77.81
26,85.64
26,55.03
26,50.85
26,90.45
26,46.77
26,48.22
26,51.67
26,44.41
26,42.18
26,100.39
26,48.96
26,67.78
26,65.53
26,111.96
26,86.87
26,62.03
26,67.69
26,65.44
26,43.77
26,111.27
26,69.04
26,83.31
26,59.16
26,87.14
26,73.74
26,116.44
26,48.35
26,68.64
26,70.79
26,43.49
26,49.02
26,52.87
26,121.78
26,54.17
26,69.54
26,98.46
27,68.95
27,94.94
27,89.13
27,85.45
27,59.97
27,56.87
27,88.24
27,124.15
27,59.68
27,48.07
27,75.64
27,77.03
27,58.4
27,79.87
27,57.41
27,65.23
27,48.43
27,109.78
27,73.27
27,54.21
27,46.06
27,74.3
27,91.06
27,94.38
27,75.47
27,48.11
27,93.8
27,50.68
27,58.13
27,116.23
27,44.53
27,53.45
27,69.96
27,55.31
27,64.84
27,69.27
27,94.13
27,100.69
27,48.98
27,72.13
27,99.35
27,59.81
27,82.19
27,69.15
27,81.26
27,58.22
27,57.06
27,72.25
27,49.76
27,50.39
27,99.37
27,113.68
27,66.69
27,84.87
27,51.44
27,50.07
27,84
27,121.94
27,55.96
27,43.97
27,99.61
27,70.94
27,84.37
27,57.23
27,118.92
27,113.11
27,55.34
27,41.03
27,59.07
27,71.53
27,67.07
27,57.16
27,55.61
27,59.99
27,99.45
27,58.12
27,99.95
27,49.44
27,51.12
27,72.44
27,55.59
27,77.19
27,43.57
27,74.72
27,55.17
27,49.37
27,67.18
27,62.42
27,92.98
27,50.27
27,68.26
28,72.61
28,63.08
28,63.46
28,86.49
28,48.98
28,71.68
28,85.99
28,92.2
28,55.16
28,96.47
28,47.71
28,57.34
28,85.53
28,48.57
28,88.33
28,85.74
28,75.58
28,63.39
28,50.02
28,77.87
28,65.17
28,61.53
28,59.5
28,54.51
28,73.32
28,69.1
28,98.15
28,50.54
28,43.31
28,59.07
28,57.75
28,70.42
28,49.86
28,53.46
28,51.52
28,61.77
28,68.98
28,51.31
28,80.62
28,57
28,43.99
28,56.48
28,74.04
28,57.3
28,50.08
28,56.46
28,52.18
28,82.26
28,65.02
28,90.73
28,60.84
28,45
28,62.21
28,55.23
28,100.07
28,41.87
28,51.54
28,50.92
28,78.63
28,72.53
28,48.29
28,69.94
28,61.72
28,58.76
28,96.25
28,58.31
28,87.88
28,59.79
28,56.7
28,49.46
28,99.13
28,58.25
28,69.35
28,53.44
28,54.4
28,77.99
28,60.27
28,68.87
28,76.5
28,69.38
28,51.81
29,65.47
29,70.49
29,68.94
29,76.48
29,75.21
29,58.06
29,83.61
29,70.95
29,55.74
29,101.87
29,64.06
29,101.8
29,69.11
29,44.19
29,72.11
29,61.06
29,86.78
29,57.2
29,92.24
29,99
29,84.19
29,68.9
29,79.93
29,77.68
29,51.22
29,102.14
29,72.81
29,68.38
29,76.97
29,97.99
29,88.34
29,50.28
29,92.96
29,51.67
29,104.81
29,45.85
29,78.61
29,113.81
29,51.36
29,73.39
29,43.28
29,62.99
29,62.71
29,98.49
29,89.06
29,58.5
29,74.87
29,50.72
29,47.2
29,102.71
29,121.76
29,76.23
29,60.01
29,75.5
29,77.86
29,52.56
29,92.15
29,67.23
29,49.78
29,121.37
29,104.08
29,51.51
29,69.91
29,97.49
29,69.36
29,74.92
29,54.58
29,62.79
29,46.4
29,105.5
29,45.61
29,66.53
29,56.19
29,82.71
29,70.24
29,54.26
29,47.41
29,72.89
29,64.27
29,50.31
30,94.22
30,72.34
30,113.56
30,46.56
30,52.57
30,93.14
30,51.83
30,124.36
30,102.43
30,44.11
30,65.08
30,75
30,106
30,89.6
30,73.07
30,88.72
30,75.07
30,53.55
30,57.53
30,66.94
30,49.69
30,66.78
30,102.45
30,99.94
30,112.72
30,51.28
30,79.13
30,54.32
30,87.13
30,110.26
30,78.14
30,76.9
30,116
30,76.01
30,46.78
30,114.34
30,89.65
30,109.1
30,123.56
30,134.57
30,58.09
30,83.29
30,51.06
30,58.95
30,71.76
30,89.93
30,126.39
30,65.49
30,108.04
30,70.2
30,57.9
30,111.56
30,69.08
30,117.81
30,130.52
30,118.84
30,110.23
30,64.07
30,59.86
30,143.5
30,88.66
30,54.08
30,87.52
30,120.02
30,88.82
30,77.08
30,81.2
30,66.85
30,76.63
30,66.19
30,72.39
30,81.22
30,97.16
30,125.93
30,64.97
30,87.93
30,84.15
31,115.25
31,105.39
31,57.73
31,135.22
31,93
31,112.27
31,115.9
31,69.07
31,101.76
31,120.94
31,60.19
31,94.2
31,51.01
31,64.26
31,137.86
31,72.15
31,94.16
31,109.23
31,122.04
31,88.6
31,98.86
31,96.55
31,87.19
31,119.39
31,72.35
31,57.12
31,104.36
31,79.56
31,53.55
31,126.57
31,122.08
31,94.11
31,75.36
31,68.78
31,47.92
31,148.49
31,139.05
31,66.83
31,80.13
31,58.13
31,107.53
31,67.64
31,53.99
31,106.68
31,82.07
31,88.22
31,74.52
31,87.24
31,79.38
31,78.14
31,55.7
31,85.91
31,45.97
31,119.32
31,107.5
31,104.69
31,80.89
31,79.06
31,93.56
31,93.43
31,90.9
31,87.81
31,66.71
31,69.08
31,78.19
31,62.02
31,52.79
31,65.24
31,74.22
31,96.34
31,106.22
31,101.16
31,66.9
31,95.08
31,59.99
31,69.7
31,108.14
31,53.92
31,80.19
31,86.15
31,102.66
31,117.3
31,71.47
31,104.73
31,117.86
31,47.12
31,81.58
31,99.85
31,86.39
31,120.91
31,90.28
31,70.6
31,62.28
31,112.04
31,68.81
32,79.33
32,88.76
32,130.33
32,80.32
32,116.44
32,48.56
32,120.84
32,66.14
32,61.64
32,136.06
32,57.61
32,53.68
32,124.7
32,55.11
32,125.6
32,96.15
32,124.87
32,68.92
32,65.17
32,51.72
32,81.57
32,84.37
32,78.49
32,74.31
32,66.07
32,92.98
32,141.89
32,71.4
32,100.44
32,127.1
32,133.98
32,97.47
32,139.51
32,63.93
32,66.47
32,85.35
32,112.64
32,82.64
32,145.16
32,69.35
32,137.99
32,60.54
32,56.56
32,117.81
32,77.96
32,100.25
32,110.93
32,67.56
32,79.89
32,98.92
32,63.47
32,64.85
32,78.24
32,91.92
32,72.22
32,67.23
32,98.92
32,47.05
32,65.43
32,45
32,104.76
32,112.54
32,116.09
32,81.73
32,93.5
32,97.08
32,73.36
32,55.97
32,87.7
32,53.64
32,71.76
32,76.28
32,82.44
32,76.67
32,129.14
32,65.45
32,91.32
32,113.9
32,81.25
32,99
32,97.64
32,74.19
32,61.51
32,89.84
32,67.58
33,62.53
33,61.69
33,139.23
33,85.96
33,119.19
33,107.89
33,126.59
33,92.39
33,110.72
33,59.83
33,71
33,62.75
33,97.94
33,100.29
33,114.5
33,78.98
33,89.26
33,98.61
33,64.67
33,70.86
33,73.91
33,86.37
33,109.87
33,80.92
33,132.97
33,96.28
33,124.79
33,79.45
33,57.85
33,72.15
33,59.28
33,74.35
33,133.55
33,77.39
33,103.14
33,80.58
33,83.7
33,98.08
33,74.59
33,52.97
33,94.14
33,76.19
33,97.33
33,113.66
33,81.3
33,53.41
33,112.52
33,145.27
33,64.34
33,75.9
33,113.64
33,139.51
33,120.19
33,128.29
33,125.6
33,143.54
33,89.28
33,60.61
33,94.8
33,102.68
33,70.86
33,138.43
33,105.71
33,116.98
33,71.02
33,44.15
33,90.44
33,110.25
33,91.9
33,81.02
33,108.36
33,104.5
33,112.03
33,79.66
33,69.19
33,50.39
33,119.55
33,76.55
33,63.69
33,73.95
33,75.8
34,117.07
34,60.89
34,120.79
34,130.44
34,94.09
34,85.57
34,112.27
34,71.97
34,68.19
34,107.47
34,90.64
34,79.52
34,123.49
34,65.06
34,66.41
34,82.84
34,74.63
34,59.41
34,124.76
34,88.99
34,60.73
34,119.96
34,100.81
34,64.8
34,108.22
34,77.68
34,82.61
34,73.88
34,67.92
34,106.57
34,72.02
34,106.77
34,126.42
34,81.64
34,82.13
34,65.8
34,62.55
34,81.07
34,77.03
34,50.46
34,57.2
34,66.03
34,77.44
34,60.28
34,89.33
34,108.45
34,150.25
34,61.21
34,98.07
34,61.28
34,80.38
34,59.82
34,128.58
34,53.83
34,80.26
34,118.06
34,126.44
34,70.79
34,54.18
34,107.29
34,97.92
34,53.02
34,115.24
34,118.44
34,79.14
34,55.67
34,124.55
34,53.7
34,89.5
34,138.46
34,71.5
34,64.2
34,52.28
34,85.45
34,127.05
35,54.6
35,77.14
35,57.18
35,89.04
35,87.37
35,122.73
35,68.51
35,86.18
35,62.3
35,111.14
35,86.87
35,123.52
35,92.63
35,123.26
35,60.46
35,131.06
35,73.84
35,119.58
35,91.65
35,85.71
35,72.47
35,116.44
35,81.64
35,72.19
35,69.35
35,137.6
35,102.86
35,108.31
35,90.91
35,122.89
35,60.77
35,114.87
35,121.8
35,68.24
35,60.55
35,104.4
35,72.99
35,119.81
35,127.93
35,92.83
35,99.13
35,118.82
35,49.71
35,63.98
35,66.18
35,85.59
35,119.86
35,53.26
35,115.45
35,120.2
35,48.77
35,117.82
35,52.32
35,69.39
35,92.2
35,121.98
35,76.32
35,78.36
35,109.62
35,95.6
35,108.69
35,73.85
35,70.37
35,111.84
35,48.65
35,70.2
35,45.73
35,56.27
35,140.07
35,62.59
35,60.15
35,76.56
35,109.32
35,113.54
35,60.54
35,85.37
35,121.78
35,85.81
36,123.36
36,114.48
36,87.44
36,107.44
36,101.53
36,67.52
36,105.63
36,72.58
36,61.01
36,60.35
36,85.32
36,97.67
36,116.42
36,95.08
36,112.09
36,77.92
36,115.87
36,86.04
36,110.02
36,44.99
36,145.42
36,94.17
36,118.7
36,118.98
36,109.32
36,78.88
36,67.32
36,108.69
36,45
36,104.69
36,84.06
36,101.45
36,129.62
36,86.42
36,62.92
36,81.54
36,121.42
36,73.8
36,54.61
36,86.63
36,125.21
36,108.53
36,84.15
36,118.38
36,93.26
36,58.35
36,120.82
36,86.97
36,48.76
36,134.81
36,51.78
36,102.85
36,58.93
36,110.24
36,62.77
36,70.4
36,81.83
36,101.47
36,96.99
36,111.19
36,66.29
36,103.36
36,159.18
36,124.93
36,61.91
36,110.74
36,113.35
36,113.9
36,130.9
36,84.25
36,68.02
36,62.44
36,49.11
36,61.51
36,89.84
36,88.38
36,78.98
36,98.21
36,65.34
36,85.63
37,65.95
37,76.86
37,74.14
37,72.49
37,51.01
37,81.94
37,63.52
37,92.47
37,52.6
37,116.92
37,114.8
37,138.68
37,68.77
37,137.64
37,56.62
37,100.88
37,69.66
37,137.08
37,118.38
37,78.42
37,64.9
37,136.24
37,89.8
37,96.94
37,66.99
37,57.58
37,105.56
37,59.77
37,74.53
37,96.68
37,100.05
37,77
37,67.65
37,103.23
37,85.42
37,70.26
37,76.5
37,84.57
37,58.6
37,116.27
37,130.31
37,78.28
37,61.47
37,131.52
37,67.17
37,126.19
37,60.14
37,72.02
37,53.86
37,67.24
37,81.12
37,79.92
37,72.6
37,73.89
37,86.31
37,106.94
37,63.06
37,53.73
37,70.5
37,135.83
37,93.66
37,75.72
37,95.15
37,47.2
37,82.63
37,117.13
37,97.19
37,113.67
37,56.79
37,62.74
37,78.25
37,72.96
37,95.22
38,71.55
38,112.69
38,96.24
38,144.02
38,95.64
38,121.67
38,77.7
38,85.68
38,106.96
38,129.71
38,77.9
38,75.64
38,69.54
38,69.7
38,100.69
38,117.39
38,124.52
38,105.32
38,66.65
38,92.43
38,112.28
38,87.55
38,136.83
38,58.27
38,70.57
38,61.73
38,76.65
38,88.83
38,93.79
38,82.13
38,78.04
38,126.24
38,153.7
38,86.64
38,111.14
38,90.87
38,74.29
38,67.17
38,90.93
38,67.49
38,122.38
38,72.15
38,95
38,63.07
38,103.7
38,117.39
38,87.51
38,65.29
38,88.85
38,127.51
38,95.01
38,101.83
38,62.28
38,86.66
38,79.18
38,63.67
38,129.94
38,114.97
38,73.63
38,70.71
38,115.68
38,110.58
38,59.66
38,150.92
38,61.41
38,87.47
38,128.93
38,112.89
38,67
38,86.81
38,66.01
38,55.71
38,136.77
38,115.34
38,49.88
39,101.4
39,101.36
39,111.02
39,101.07
39,82.48
39,114.87
39,145.22
39,55.85
39,102.06
39,76.98
39,118.61
39,83.16
39,98.88
39,60.75
39,68.22
39,131.42
39,113.19
39,78.02
39,113.28
39,95.84
39,104.43
39,129.1
39,68.3
39,145.28
39,66.83
39,65.68
39,111.16
39,135.85
39,82.26
39,61.73
39,68.96
39,56.13
39,87.24
39,88.15
39,157.68
39,110.75
39,71.2
39,80.03
39,69.11
39,124.52
39,101.93
39,47.52
39,69.36
39,146.61
39,78.02
39,67.54
39,135.08
39,75.49
39,53.03
39,90.07
39,125.37
39,75.73
39,58.22
39,82.58
39,89.85
39,128.15
39,96.04
39,147.75
39,116.14
39,82.79
39,61.59
39,80.18
39,128.69
39,51.23
39,134.97
39,99.97
39,129.25
39,85.09
39,55.28
39,66.53
39,115.88
39,70.09
39,111.6
39,70.42
39,73.35
39,78.2
39,74.12
39,127.56
39,57.76
39,59.67
39,124.03
39,53.5
39,71.48
39,64.42
39,81.84
39,100.18
39,114.7
39,83.53
40,81.22
40,43.58
40,71.55
40,108.42
40,120.29
40,68.87
40,91.28
40,132.31
40,73.12
40,123.43
40,96.45
40,78.74
40,82.93
40,67.3
40,92.52
40,105.22
40,116.69
40,154.46
40,132.29
40,62.15
40,90.12
40,73.2
40,117.68
40,103.58
40,51.44
40,128.08
40,142.48
40,109.79
40,68.94
40,45.17
40,120.82
40,95.71
40,85.11
40,79.16
40,74.64
40,109.72
40,112.79
40,82.29
40,124.34
40,86.57
40,79.2
40,132.5
40,99.71
40,68.58
40,67.16
40,84.03
40,62.99
40,55.99
40,96.38
40,132.7
40,76.51
40,122.06
40,92.36
40,114.3
40,80.07
40,66.13
40,87.77
40,60.35
40,100.33
40,115.01
40,71.6
40,55.38
40,97.65
40,51.33
40,45.18
40,94.28
40,97.27
40,71.85
40,98.4
40,83.52
40,59.45
40,66.21
40,68.31
40,123.76
40,78.96
40,118.46
40,104.82
40,74.98
40,107.29
40,82.52
40,131.91
40,52.31
40,62.23
40,141.86
40,121.9
40,84.48
40,138.99
40,85.62
40,111.52
40,83.67
40,81.18
41,55.46
41,120.62
41,113.03
41,105.28
41,74.59
41,81.63
41,149.31
41,140.9
41,142.21
41,85.87
41,139.25
41,97.62
41,57.38
41,74.64
41,54.98
41,141.65
41,65
41,148.1
41,85.9
41,82.68
41,85.38
41,88.71
41,94.38
41,61.75
41,76.73
41,106.83
41,65.27
41,86.02
41,127.2
41,90.81
41,66.31
41,78.41
41,86.73
41,51.96
41,48.21
41,75.13
41,99.15
41,81.66
41,97.2
41,106.92
41,72.44
41,120.65
41,50.47
41,114.23
41,98.5
41,100.01
41,93.73
41,102.42
41,74.76
41,66
41,55.32
41,141.6
41,93.47
41,89.14
41,87.34
41,96.08
41,87.84
41,118.64
41,89.89
41,90.15
41,98.67
41,93.85
41,73.54
41,75.63
41,92.23
41,103.61
41,60.91
41,145.17
41,76.46
41,68.82
41,71.68
41,115.56
41,44.94
41,60.8
41,63.18
41,84.95
41,70.27
41,60.43
41,114.04
41,137.07
41,99.14
41,56.98
41,57.29
41,66.56
41,132.19
41,100.63
41,61.54
41,125.18
41,109.65
41,88.6
41,140.83
41,69.84
41,90.37
42,81.96
42,97.54
42,112.91
42,90.79
42,119.6
42,124.77
42,68.89
42,87.73
42,55.73
42,98.71
42,62.57
42,141.78
42,55.19
42,66.36
42,59.22
42,85.91
42,91.05
42,78.02
42,97.94
42,127.15
42,88.59
42,87.43
42,77.83
42,142.33
42,116.67
42,130.25
42,85.4
42,59.4
42,73.57
42,108.61
42,105.04
42,92.6
42,123.47
42,61.67
42,103.53
42,137.99
42,68.02
42,87.23
42,52.92
42,69
42,59.5
42,76.89
42,79.9
42,85.14
42,69.52
42,79.64
42,95.98
42,143.99
42,62.3
42,83.94
42,81.92
42,124.96
42,72.93
42,97.22
42,52.2
42,52.75
42,79.65
42,77.97
42,74.6
42,67.01
42,80.58
42,62.78
42,49.91
42,75.08
42,84.71
42,91.64
42,65.44
42,60.73
42,133.95
42,91.01
42,107.15
42,97.25
42,107.22
42,88.14
42,119.35
42,65.56
42,73.81
42,75.27
42,54.19
42,52.5
42,59.38
42,89.28
42,55.98
42,79.24
42,53.25
42,141.68
42,79.58
42,138.01
42,97.11
42,86.4
42,142.95
42,52.27
42,112.06
42,105.88
42,68.42
42,76.9
42,123.06
42,99.41
42,89.83
42,61.79
42,132.47
43,59.78
43,63.97
43,88.41
43,74.25
43,106.38
43,56.81
43,104.4
43,78.3
43,56.17
43,76.76
43,134.08
43,93.89
43,128.78
43,70.33
43,60.72
43,101.05
43,107.61
43,66.96
43,113.03
43,63
43,63.32
43,53.02
43,108.85
43,80.81
43,57.92
43,61.34
43,79.27
43,88.77
43,127.34
43,90.73
43,86.67
43,123.38
43,70.59
43,71.76
43,88.56
43,104.54
43,116.89
43,48.18
43,57.17
43,121.26
43,68.14
43,104.54
43,124.41
43,73.94
43,76.79
43,65.57
43,75.61
43,58.04
43,57.5
43,69.68
43,55.94
43,73.86
43,129.22
43,92.2
43,51.75
43,85.94
43,73.01
43,110.65
43,96.8
43,72.27
43,58.26
43,88.15
43,102.54
43,108.5
43,141.51
43,92.08
43,69.61
43,80.54
43,69.06
43,118.22
43,62.78
43,78.84
43,138.88
43,67.71
43,51.23
43,91.66
43,53.64
43,95.05
43,81.83
43,128.33
43,61.05
43,74.11
43,94.52
43,76.04
43,76.97
44,144.99
44,96.53
44,79.38
44,99.72
44,106.46
44,62.78
44,90.09
44,76.86
44,115.44
44,80.62
44,90.55
44,58.66
44,49.84
44,72.55
44,66.84
44,91.06
44,109.99
44,112.15
44,112
44,61.12
44,67.57
44,121.91
44,83.93
44,119.27
44,101.62
44,90.69
44,134.34
44,103.02
44,109.25
44,129.06
44,100.51
44,60.2
44,131.81
44,84.02
44,89.76
44,119.66
44,68.74
44,76.31
44,128.37
44,49.85
44,83.17
44,50.21
44,91.34
44,64
44,69.89
44,75.41
44,87.06
44,77.43
44,77.72
44,73.59
44,146.31
44,60.15
44,119.32
44,83.62
44,99.67
44,86.36
44,84.27
44,68.02
44,73.47
44,129.47
44,107.84
44,91.81
44,84.86
44,112.17
44,78.28
44,124.31
44,69.41
44,141.71
44,103.45
44,84.6
44,61.46
44,53.61
44,152.65
44,84.9
44,69.16
44,88.84
44,104.83
44,100.23
44,132.53
44,53.67
44,62.16
44,126.86
44,90.64
44,62.18
44,93.8
45,93.04
45,128.89
45,81.93
45,71.98
45,112.59
45,69.27
45,132.58
45,77.59
45,69.7
45,49.46
45,79.45
45,111.51
45,85.42
45,113.53
45,111.41
45,83.35
45,128.83
45,63.65
45,99.27
45,86.14
45,64.07
45,89.35
45,76.82
45,56.36
45,127.3
45,99.07
45,110.4
45,101.54
45,145.35
45,97.78
45,43.96
45,47.41
45,90.7
45,54.95
45,80.79
45,92.68
45,88.29
45,66.29
45,80.79
45,57.22
45,126.84
45,102.38
45,106.52
45,59.55
45,68.66
45,81.27
45,130.39
45,107.12
45,107.4
45,100.06
45,140.04
45,67.16
45,77.57
45,77.82
45,76.53
45,66.63
45,48.02
45,117.98
45,69.44
45,61.62
45,83.5
45,88.14
45,85.58
45,98.73
45,45.31
45,81.93
45,93.21
45,77.97
45,55.68
45,73.96
45,100.42
45,91.3
45,121.41
45,50.32
45,121.18
45,93.9
45,81.37
45,102.11
45,89.01
45,96.91
45,113.86
45,96.53
45,84.36
45,90.8
45,57.57
45,135.01
45,92.91
45,69.51
46,93.51
46,74.96
46,103.96
46,87.55
46,80.95
46,109.21
46,85.96
46,42.03
46,122.66
46,104.3
46,76.05
46,102.21
46,57.58
46,55.37
46,98.94
46,49.11
46,90.87
46,72.7
46,68.42
46,121.78
46,59.99
46,118.36
46,122.15
46,102.95
46,68.24
46,55.07
46,149.37
46,87.78
46,49.55
46,125.5
46,64.99
46,111.49
46,106.22
46,119.97
46,100.73
46,142.09
46,85.86
46,86.75
46,65.49
46,72.52
46,45.28
46,122.9
46,54.08
46,96.05
46,91.09
46,121.93
46,73.53
46,61.62
46,103.36
46,82.62
46,99.44
46,111.03
46,79.42
46,112.63
46,67.92
46,110.98
46,86.39
46,110.22
46,65.87
46,87.44
46,104.99
46,95.12
46,91.87
46,88.75
46,75.86
46,52.4
46,84.22
46,99.61
46,68.5
46,82.66
46,99.38
46,70.07
46,65.68
46,88.88
46,92.12
46,62.09
46,62.36
46,70.18
46,74.87
46,85.56
46,139.47
46,51.6
46,67.19
46,107.75
46,67.18
46,60.28
46,137.21
46,63.84
46,77.63
47,90.81
47,59.64
47,77.95
47,112.34
47,75.73
47,61.75
47,140.74
47,126.4
47,128.5
47,67.83
47,111.25
47,85.53
47,77.23
47,98.05
47,51.49
47,131.78
47,74.97
47,41.51
47,81.45
47,147.78
47,89.96
47,125.3
47,150.11
47,109.57
47,83.98
47,95.94
47,122.47
47,68.99
47,99.83
47,125.86
47,86.82
47,89.51
47,69.76
47,95.91
47,128.18
47,115.66
47,67.78
47,136.46
47,155.34
47,122.77
47,108.97
47,95.66
47,77.78
47,77.32
47,121.86
47,124.58
47,109.96
47,74.39
47,75.06
47,57.81
47,68.01
47,78.08
47,85.53
47,97.27
47,60.32
47,145.61
47,119.29
47,75.2
47,103.39
47,107.26
47,145.64
47,65.79
47,79.65
47,85.32
47,117.65
47,48.73
47,109.55
47,93.47
47,96.93
47,76.57
47,78.81
47,75.83
47,53.34
47,146.15
47,108.32
47,103.82
47,69.33
47,126.38
47,53.85
47,75.84
47,115.12
47,101.02
47,56.85
47,109.19
47,119.38
47,52.86
47,71.35
47,69.9
47,93.73
47,72.94
47,68.45
47,106.4
47,137.36
47,125.5
48,114
48,87.36
48,94.88
48,127.94
48,84.79
48,143.6
48,117.17
48,79.23
48,49.29
48,146.24
48,68.66
48,73.44
48,87.78
48,58.85
48,100.1
48,106.46
48,66.73
48,126.17
48,139.45
48,53.87
48,69.11
48,107.04
48,73.72
48,57.08
48,73.95
48,71.67
48,116.4
48,114.02
48,72.05
48,107.13
48,61.71
48,117.66
48,122.45
48,133.36
48,64.82
48,110.8
48,59.53
48,84.98
48,85.07
48,98.66
48,59.97
48,120.69
48,80.5
48,130.47
48,72.42
48,76.24
48,118.02
48,99.05
48,61.48
48,88.51
48,60.72
48,93.62
48,110.4
48,113.85
48,101.4
48,72.47
48,142.62
48,126.12
48,79.48
48,74.26
48,75.4
48,51.61
48,88.46
48,118.98
48,64.94
48,106.88
48,52.44
48,97.33
48,159.42
48,133.14
48,76.03
48,86.82
48,53.13
48,78.21
48,56.6
48,73.52
48,69.4
48,127.35
48,93.53
48,71.68
48,91.68
48,109.8
48,98.59
48,64.2
48,91.54
48,75.5
48,101.28
48,116.97
48,78.56
48,119.21
48,62.52
48,52.49
48,135.53
48,49.34
48,128.07
48,152.68
48,91.25
48,116.64
48,88.4
48,100.05
48,105.11
48,88.34
48,148.61
48,113.03
48,123.61
48,86.26
49,109.09
49,52.53
49,81.02
49,135.27
49,91.6
49,114.93
49,73.29
49,95.82
49,76.96
49,64.76
49,113.7
49,107.93
49,67.37
49,54.91
49,84.89
49,132.78
49,125.74
49,79.2
49,129.3
49,87.5
49,107.42
49,82.35
49,66.49
49,87.6
49,59.22
49,71.57
49,59.89
49,105.94
49,73.81
49,61.01
49,91.06
49,92.34
49,83.35
49,59.64
49,138.72
49,115.61
49,129.4
49,52.72
49,105.04
49,64.09
49,69.44
49,82.04
49,49.73
49,65.83
49,115.67
49,103.19
49,85.53
49,100.57
49,94.62
49,81.68
49,73.17
49,121.92
49,111.34
49,146.99
49,134.73
49,64.75
49,98.94
49,107.38
49,81.22
49,93.86
49,106.8
49,62.41
49,97.53
49,54.88
49,67.44
49,80.2
49,88.04
49,67.29
49,110.84
49,57.4
49,72.1
49,61.52
49,97.04
49,112.53
49,76.95
49,77.07
49,50.96
49,109.75
49,114.08
49,74.79
49,58.16
49,93.56
49,118.13
49,77.76
49,85.29
49,47.46
49,106.28
49,125.67
49,70.79
49,122.15
50,122.84
50,64.04
50,77.99
50,141.24
50,109.28
50,67.26
50,138.02
50,129.99
50,72.28
50,75.3
50,94.49
50,146.76
50,86.35
50,71.82
50,80.2
50,105.24
50,59.26
50,138.56
50,69.01
50,50.67
50,56.05
50,60.5
50,72.32
50,83.72
50,84.28
50,75.84
50,128.15
50,72.23
50,95.54
50,107.33
50,124.38
50,60.87
50,66.94
50,116.1
50,83.67
50,58.35
50,78.91
50,105.06
50,77
50,123.95
50,91.83
50,57.27
50,104.81
50,119.17
50,66.45
50,124.66
50,73.9
50,67.4
50,93.89
50,80.19
50,129.41
50,60.04
50,110.42
50,84.61
50,81.32
50,83.42
50,118.75
50,108.75
50,52.32
50,106.28
50,81.51
50,90.02
50,82.91
50,84.75
50,80.98
50,66.33
50,110.08
50,101.23
50,62.91
50,97.01
50,74.04
50,54.57
50,87.7
50,107.07
51,84.05
51,110.2
51,66.53
51,58.62
51,114.84
51,57.93
51,61.89
51,85.21
51,93.3
51,53.79
51,114.8
51,57.95
51,58.63
51,91.6
51,54.55
51,154.77
51,70.62
51,83.04
51,68.15
51,93.46
51,65.09
51,65.51
51,61.65
51,121.19
51,134.95
51,78.03
51,55.69
51,50.1
51,52.42
51,60.71
51,134.03
51,118.58
51,87.07
51,109.34
51,94.06
51,79.95
51,83.97
51,90.6
51,90.67
51,54.58
51,80.91
51,72.97
51,124.13
51,76.32
51,76.98
51,81.72
51,61.46
51,121.2
51,117.68
51,56.61
51,75.57
51,95.81
51,101.38
51,55.83
51,101.1
51,99.06
51,56.03
51,54.56
51,91.76
51,79.96
51,50.19
51,147.11
51,117.27
51,62.93
51,143.45
51,63.78
51,152.7
51,130.46
51,94.13
51,131.38
51,150.27
51,129.29
51,95.08
51,81.95
51,119.1
51,105
51,53.69
51,118.74
51,43.36
51,126.19
51,68.9
51,53.93
51,131.52
51,62.33
51,97.92
51,62.05
51,58.02
51,55.16
51,63.99
51,110.13
51,125.26
51,88.6
51,72.9
51,75.5
51,147.01
51,87.46
51,121.73
51,70.82
51,149.19
51,52.95
51,69.46
51,69.74
51,87.99
52,70.33
52,133.91
52,112.72
52,61.24
52,85.18
52,114.13
52,119.67
52,90.84
52,58.15
52,63.15
52,120.9
52,134.93
52,50.15
52,90.43
52,83.06
52,103.42
52,64.09
52,134.75
52,93.45
52,62.07
52,52.35
52,84.06
52,66.95
52,81.73
52,106.53
52,77.27
52,112.69
52,58.62
52,51.38
52,62.57
52,55.21
52,74.54
52,58.79
52,93.94
52,132.23
52,85.2
52,51.27
52,89.93
52,51.7
52,103.73
52,68.73
52,100.06
52,137.2
52,101.74
52,53.59
52,107.05
52,97.16
52,66.11
52,81.62
52,60.54
52,140.87
52,74.25
52,48.25
52,45.4
52,82.18
52,93.21
52,103.87
52,103.79
52,63.63
52,127.92
52,81.76
52,97.46
52,89.24
52,48.45
52,84.38
52,56.43
52,84.04
52,45.74
52,92.04
52,66.2
52,84.86
52,76.99
52,74.92
52,72.12
52,67.07
52,68.93
52,70.9
52,78.27
52,84.02
52,64.41
52,88.94
52,65.8
53,101.76
53,52.74
53,60.73
53,111.33
53,64.55
53,77.88
53,155.47
53,60.75
53,79.55
53,84.76
53,123.63
53,134.56
53,65.87
53,74.76
53,44.96
53,81.1
53,75.37
53,120.84
53,152.67
53,94.93
53,99.4
53,127.29
53,61.49
53,45.02
53,60.72
53,110.35
53,150.95
53,67.18
53,76.44
53,92.17
53,73.33
53,87.79
53,60.62
53,119.72
53,139.28
53,107.83
53,40.77
53,81.47
53,56.18
53,112.37
53,68.49
53,72.86
53,96.78
53,81.11
53,74.69
53,91.01
53,149.85
53,54.24
53,132.11
53,104.36
53,59.16
53,92.52
53,132.91
53,85.66
53,53.18
53,131.66
53,63.24
53,78.92
53,119.88
53,47.77
53,78.53
53,92.91
53,124.37
53,140.02
53,86.7
53,81.29
53,102.92
53,93.48
53,85.33
53,61.1
53,103.22
53,116.41
53,100.44
53,86.52
53,54.41
53,92.69
53,50.87
53,83.75
53,64.59
53,92.39
53,129.38
53,61.59
53,74.95
53,57.76
53,67.43
53,67.77
53,100.21
53,145.13
53,140.91
53,123.86
53,63.01
53,64
53,147.47
53,91.09
53,79.61
54,68.61
54,107.75
54,82.53
54,73.12
54,57.58
54,89.83
54,82.62
54,99.19
54,73.58
54,60.66
54,120.06
54,68.24
54,136.12
54,80.01
54,68.17
54,93.95
54,60.88
54,54.16
54,80.61
54,100.79
54,108.16
54,42.72
54,80.12
54,55.24
54,97.39
54,123.1
54,90.61
54,58.36
54,63.97
54,125.12
54,94.84
54,61.07
54,77.56
54,81.44
54,63.37
54,76.41
54,129.63
54,74.1
54,62.37
54,127.87
54,124.88
54,61.93
54,60.37
54,92.41
54,130.13
54,84.43
54,59.61
54,42.15
54,117.61
54,96.55
54,100.96
54,94.31
54,101.73
54,59.46
54,91.67
54,115.15
54,63.36
54,82.61
54,81.9
54,112.77
54,97.51
54,62.94
54,61.68
54,48.15
54,97.45
54,66.97
54,67.96
54,64.19
54,56.69
54,69.48
54,118.43
54,94.84
54,83.89
54,110.35
54,58.93
54,50.11
54,123.88
54,114.25
54,146.71
54,62.07
54,136.69
54,58.86
54,103.24
55,73.35
55,82.38
55,75.82
55,83
55,108.93
55,116.19
55,107.55
55,57.77
55,90.14
55,133.06
55,106.38
55,46.49
55,73.3
55,75.69
55,64.54
55,87.29
55,125.53
55,107.77
55,87.42
55,91.92
55,121.55
55,85.08
55,56.51
55,89.26
55,141.49
55,60.6
55,102.47
55,88.95
55,50.81
55,73.99
55,54.69
55,113.42
55,102.76
55,66.42
55,88.24
55,68.29
55,69.13
55,103.54
55,109.02
55,78.47
55,55.27
55,83.52
55,64.98
55,123.82
55,47.46
55,64.61
55,56.5
55,120.92
55,75.43
55,125.2
55,75.85
55,95.08
55,70.6
55,85.2
55,74.04
55,82.88
55,151.96
55,143.55
55,80.96
55,99.92
55,88.28
55,49.7
55,146.99
55,147.28
55,71.95
55,51.92
55,105.92
55,79.12
55,76.08
55,144.4
55,70.82
55,125.02
55,70.35
55,71.41
55,97.71
55,94.51
55,121.95
55,71.47
55,64.3
55,67.83
55,78.14
55,144.78
55,144.67
55,101.74
55,68.85
55,52.42
55,129.61
55,151.18
55,60.2
55,93.21
55,86.46
56,118.98
56,111.96
56,70.46
56,102.66
56,146
56,62.01
56,87.5
56,122.38
56,92.91
56,78.3
56,112.48
56,105.95
56,86.32
56,123.9
56,125.58
56,102.89
56,86.07
56,76.14
56,68.28
56,87.53
56,91.71
56,63.39
56,82.95
56,74.1
56,56.59
56,95.03
56,74.81
56,67.49
56,92.83
56,100.12
56,66.02
56,66.66
56,74.71
56,74.33
56,47.25
56,103.92
56,117.01
56,112.79
56,87.69
56,102.85
56,105.13
56,139.14
56,74.78
56,107.93
56,149.92
56,68.35
56,65.81
56,100.17
56,107.41
56,90.4
56,77.94
56,60.19
56,65.37
56,101.38
56,61.53
56,106.78
56,126.58
56,57.31
56,57
56,141.2
56,52.51
56,99.27
56,69.38
56,80.22
56,67.25
56,131.95
56,91.44
56,44.73
56,75.42
56,53.18
56,82.21
56,108.31
56,79.7
56,82.08
56,55.39
56,139.72
56,88.25
56,101.75
56,58.96
56,76.45
56,123.32
56,94.23
56,99.03
56,78.33
56,71.86
56,49.35
56,59.06
57,44.23
57,100.97
57,72.97
57,102.33
57,46.51
57,116.32
57,63.08
57,155.73
57,80.73
57,50.85
57,58.34
57,65.75
57,121.94
57,94.17
57,74.42
57,96.35
57,93.96
57,87.62
57,53.67
57,102.42
57,127.53
57,134.57
57,121.12
57,115.36
57,94.1
57,100.32
57,72.55
57,110.67
57,86.52
57,75.48
57,75.32
57,84.58
57,52.56
57,60.38
57,60.65
57,107.27
57,111.95
57,104.65
57,101.57
57,46.92
57,94.13
57,53.97
57,98.2
57,56.48
57,112.5
57,83.42
57,151.43
57,116.03
57,74.78
57,109.17
57,80.7
57,46.32
57,100.98
57,89.26
57,65.06
57,63.2
57,98.17
57,59.62
57,97.01
57,90.41
57,100.41
57,90.89
57,137.53
57,58.84
57,71.54
57,74.91
57,75.32
57,51.77
57,51.63
57,88.96
57,139.89
57,52.42
57,98.78
57,128.15
57,56.49
57,94.97
57,65.46
57,70.02
57,111.7
57,82.17
57,81.79
57,80.01
57,110.86
57,75.59
57,110.31
57,99.72
57,116.29
57,94.73
57,145.74
57,63.1
57,87.84
57,48.86
58,88.21
58,83.77
58,77.95
58,46.51
58,97.99
58,95.58
58,120.6
58,109.89
58,52.41
58,91.17
58,116.11
58,75.52
58,145.38
58,64
58,102.94
58,57.3
58,76.62
58,127.43
58,96.44
58,91.44
58,81.46
58,125.01
58,78.72
58,80.25
58,122.92
58,58.71
58,63.28
58,64.51
58,108.35
58,64.81
58,65.11
58,80
58,59.76
58,127.98
58,52.5
58,92.19
58,66.43
58,135.6
58,81.01
58,95.18
58,77.95
58,62.03
58,84.43
58,60.56
58,143.74
58,106.11
58,82.92
58,113.34
58,83.2
58,64
58,75.59
58,90.54
58,83.09
58,92.63
58,61.2
58,97.42
58,70.44
58,61.14
58,79.08
58,69
58,49
58,71.95
58,123.96
58,66.1
58,60.47
58,85.36
58,127.79
58,61.1
58,76.92
58,142.86
58,87.31
58,60.23
58,80.68
58,58.32
58,61.83
58,66.69
58,109.59
58,60.02
58,116.57
58,69.51
58,112.43
58,48.8
58,94.15
58,63.99
58,54.07
58,157.79
58,65.49
58,47.45
58,84.77
58,58.68
58,52
58,96.1
58,51.48
59,176.12
59,146.61
59,167.52
59,92.41
59,112.55
59,51.21
59,156.06
59,114.55
59,100.07
59,60.97
59,116.18
59,112.95
59,124.03
59,113.14
59,87.33
59,77.65
59,55.09
59,51.84
59,45.42
59,69.81
59,54.04
59,56.14
59,109.84
59,90.81
59,45.21
59,99.18
59,62.67
59,162.42
59,151.05
59,120.14
59,58.49
59,54.91
59,55.67
59,125.19
59,75.01
59,97.21
59,69.94
59,121.36
59,153.28
59,116.5
59,60.03
59,118.35
59,78.17
59,104.54
59,79.16
59,62.98
59,150.72
59,98.52
59,42.94
59,130.61
59,84.74
59,105.1
59,154.38
59,97.3
59,127.2
59,134.23
59,62.54
59,178.6
59,46.41
59,154.63
59,57.33
59,99.72
59,150.95
59,84.41
59,175.99
59,49.62
59,53.1
59,75.64
59,48.31
59,53.62
59,129.89
59,82.35
59,113.98
59,45.03
59,59.7
59,83.68
59,82.47
59,91.44
59,147.33
59,108.53
59,64.99
59,114.65
59,174.5
59,137.51
59,139.93
59,120.63
59,67.05
59,48.99
59,50.21
59,103.96
59,79.53
59,113.39
59,109
59,59.53
59,100.76
59,129.41
59,108.25
60,156.48
60,106.47
60,91.64
60,83.97
60,100.94
60,72.38
60,96.32
60,45.63
60,72.81
60,45.18
60,118.77
60,143.02
60,93.98
60,124.1
60,79.6
60,54.4
60,135.48
60,127.32
60,64.74
60,67.91
60,52.8
60,82.52
60,82.57
60,92.71
60,64.14
60,110.59
60,122.18
60,84.19
60,68.84
60,124.66
60,122.47
60,116.29
60,110.27
60,73.54
60,54.99
60,75.8
60,41.43
60,77.02
60,90.05
60,64.57
60,115.18
60,56.37
60,63.66
60,118.36
60,85.62
60,119.94
60,90.41
60,140.85
60,117.53
60,102.01
60,80.87
60,84.18
60,72.7
60,87.79
60,128.09
60,110.83
60,67.23
60,54.32
60,165.81
60,43.63
60,90.99
60,74.54
60,102.35
60,134.87
60,70.04
60,117.86
60,114.19
60,104.03
60,93.79
60,51.24
60,63.15
60,105.79
60,64.67
60,177.37
60,104.4
60,133.48
60,141.81
60,123.93
60,61.26
60,46.78
60,65.64
60,181.51
61,63.13
61,149.68
61,154.43
61,93.61
61,42
61,110.93
61,65
61,49.63
61,77.23
61,143.81
61,100.86
61,44.07
61,84.14
61,50.31
61,102.76
61,175.84
61,170.75
61,135.79
61,47.07
61,43
61,85.53
61,149.34
61,72.72
61,162.41
61,83.01
61,76.42
61,133.73
61,53.72
61,56.37
61,107.8
61,113.06
61,61.96
61,51.2
61,110.92
61,95.35
61,78.35
61,89.13
61,98.33
61,71.31
61,45.89
61,50.74
61,158.75
61,133.8
61,93.71
61,111.1
61,55
61,150.49
61,102.91
61,51.28
61,88.81
61,48.62
61,90.59
61,102.77
61,142.3
61,95.18
61,109.62
61,69.91
61,98.83
61,98.68
61,76.61
61,57.72
61,52.38
61,66.41
61,94.27
61,143.82
61,138.23
61,92
61,152.69
61,165.55
62,120.66
62,54.29
62,80.14
62,144.78
62,109.09
62,55.48
62,103.94
62,61.39
62,81.95
62,85.9
62,133.01
62,47.31
62,46.14
62,59.52
62,106.45
62,58.1
62,128.32
62,86.79
62,106.27
62,103.22
62,149.2
62,54.47
62,50.85
62,77.32
62,105.36
62,152.73
62,110.7
62,50.11
62,70.44
62,133.77
62,74.5
62,94.4
62,62.55
62,106.23
62,53.82
62,52.96
62,116.24
62,161.57
62,93.89
62,64.94
62,49.58
62,77.6
62,85.97
62,59.59
62,55.28
62,67.4
62,102.67
62,110.53
62,68.23
62,47.81
62,73.79
62,104.35
62,82.74
62,43.38
62,98.66
62,96.36
62,138.04
62,151.92
62,77.03
62,61.82
62,75.62
62,133.29
62,61
62,82.85
62,55.51
62,124.77
62,56.83
62,131.14
62,69.05
62,91.83
62,134.86
62,85.19
62,56.2
62,80.39
62,101.02
62,48.01
62,75.26
62,92.12
62,52.25
62,56.32
62,104.61
62,147.86
62,138.28
62,83.16
62,129.01
62,149.51
63,158.03
63,77
63,113.76
63,64.01
63,57.73
63,45.14
63,128.44
63,119.74
63,106.63
63,59.96
63,52.42
63,52.43
63,129.83
63,129.52
63,54.37
63,69.67
63,141.87
63,57.75
63,53.36
63,84.14
63,57.36
63,124.04
63,173.26
63,70.64
63,168.92
63,60.03
63,154.31
63,69.68
63,69.01
63,141.49
63,139.36
63,130.92
63,82.14
63,97.8
63,53.57
63,90.62
63,79.4
63,85.82
63,83.01
63,101.13
63,75.26
63,149.42
63,144.44
63,129.63
63,157.2
63,100.71
63,85.22
63,114.88
63,99.6
63,133.73
63,111.43
63,70.03
63,96.65
63,88.2
63,84.11
63,48.13
63,128.38
63,45.34
63,125.27
63,69.16
63,93.26
63,120.69
63,94.45
63,107.66
63,127.02
63,54.97
63,45.01
63,115.33
63,72.53
63,110.41
63,58.96
64,99.78
64,61
64,147.84
64,179.42
64,54.77
64,138.77
64,50.08
64,70.32
64,66.37
64,70.17
64,102.46
64,47.53
64,87.62
64,122.13
64,131.52
64,86.73
64,140.18
64,182.35
64,54.28
64,48.52
64,93.41
64,155.82
64,46.85
64,46.83
64,150.58
64,48.82
64,71.96
64,69.72
64,90.75
64,55.25
64,171.26
64,112.24
64,45.83
64,125.69
64,148.6
64,80.35
64,130.32
64,98.81
64,59.64
64,116.33
64,178.32
64,62.1
64,49.88
64,73.71
64,84.76
64,76.55
64,87.26
64,46.63
64,132.93
64,60.64
64,48.27
64,49.19
64,127.97
64,80.35
64,58.51
64,138.51
64,129.54
64,86.3
64,53.44
64,43.77
64,143.89
64,110.19
64,144.65
64,118.76
64,54.08
64,124.59
64,130.65
64,112.64
64,85.35
64,63.16
64,93.5
64,135.84
64,74.18
64,89.03
64,119.09
64,97.65
64,106.8
64,81.08
64,52.84
64,103.41
64,80.8
64,84.92
64,73.21
64,91.55
64,83.99
64,98.93
64,41.17
64,100.92
64,46.08
64,71.52
64,57.54
64,39.49
64,96.16
64,136.62
64,84.19
64,111.69
64,110.1
64,90.69
64,59.83
64,105.16
65,51.57
65,39.18
65,40.22
65,35.04
65,60.22
65,81.41
65,54.62
65,90.62
65,67.46
65,66.76
65,69.28
65,114.83
65,74.42
65,54.02
65,98.39
65,55.13
65,88.14
65,57.41
65,132.93
65,87.43
65,67.64
65,125.05
65,59.77
65,114.43
65,102.02
65,65.05
65,90.42
65,33.86
65,113.24
65,36.43
65,117.35
65,81.65
65,93.08
65,62.7
65,113.18
65,122.96
65,79.8
65,60.87
65,78.63
65,104.54
65,53.05
65,59.11
65,86.54
65,86.58
65,37.26
65,96.3
65,87.1
65,52.68
65,81.73
65,39.85
65,106.96
65,84.04
65,101.65
65,99.9
65,103.18
65,94.04
65,120.26
65,78.22
65,87.76
65,93.91
65,53.05
65,116.38
65,67.68
65,63.42
65,80.1
65,116.25
65,143.38
65,50.35
65,81.17
65,110.34
65,100.49
65,60.33
65,82.23
65,130.48
65,84.6
65,36.79
65,53.53
65,140.93
65,122.95
65,66.49
65,132.7
65,78.52
66,82.9
66,104.48
66,45.96
66,57.93
66,87.81
66,92.36
66,135.52
66,70.92
66,83.08
66,154.05
66,81.22
66,48.3
66,43.86
66,54.73
66,56.16
66,71.97
66,69.43
66,74.19
66,54.93
66,125.96
66,80.54
66,58.9
66,104.2
66,57.06
66,48.45
66,55.77
66,56.75
66,142.56
66,114.63
66,33.49
66,42.19
66,86
66,79.18
66,51.65
66,59.16
66,61.96
66,92.23
66,122.33
66,133.93
66,86.8
66,59.08
66,67.85
66,111.68
66,90.71
66,41.84
66,64.65
66,81.03
66,92.15
66,126.05
66,54.64
66,124.75
66,60.52
66,119.84
66,71.63
66,71.34
66,64.78
66,61.93
66,53.46
66,141.42
66,62.3
66,50.31
66,62.72
66,93.87
66,57.83
66,108.05
66,61.65
66,138.64
66,113.93
66,49.25
66,85.08
66,105.9
66,60.87
66,89.62
66,76.88
66,47.08
66,72.76
66,45.67
66,125.85
66,94.32
67,73.07
67,65.57
67,128.35
67,73.16
67,63.37
67,52.82
67,46.41
67,145.26
67,103.24
67,38.62
67,123.89
67,49.08
67,69.74
67,60.7
67,87.69
67,133.74
67,88.19
67,123.76
67,105.15
67,62.12
67,102.16
67,101.74
67,137.53
67,43.01
67,111.97
67,57.11
67,49.47
67,85.79
67,35.23
67,75.74
67,59.66
67,66.39
67,92.52
67,41.34
67,84.84
67,88.23
67,82.62
67,126.62
67,42.97
67,79.05
67,58.77
67,86.77
67,75.6
67,40.9
67,74.72
67,154.29
67,60.3
67,98.98
67,96.5
67,49.8
67,81.43
67,72.13
67,51.61
67,139.04
67,73.66
67,54.63
67,66.14
67,142.02
67,38.56
67,59.35
67,61.01
67,36.27
67,52.13
67,44.27
67,61.47
67,51.95
67,89.7
67,85.1
67,90.09
67,103.39
67,118.5
67,139.5
67,63.41
67,49.98
67,60.83
67,92.74
67,119.06
67,82.41
67,60.31
67,107.45
67,75.32
67,59.64
67,90.04
67,137.96
67,53.18
67,40.21
67,79.44
67,83.3
67,70.98
67,141.17
67,92.23
67,71.38
67,83.65
67,86.4
67,80.87
67,61.91
67,76.86
67,93.33
67,106.73
67,62.75
67,89.63
68,62.07
68,51.1
68,138.64
68,88.77
68,70.94
68,90.16
68,52.1
68,101.91
68,88.36
68,52.95
68,44.33
68,101.25
68,127.61
68,78.82
68,53.68
68,110.14
68,119.12
68,46.19
68,130.81
68,41.17
68,45.76
68,59.01
68,51.11
68,87.25
68,37.46
68,120.89
68,120.8
68,74.06
68,78.95
68,94.15
68,95.28
68,59.52
68,114.74
68,54.35
68,65.45
68,52.13
68,155.85
68,116.77
68,132.64
68,89.44
68,40.38
68,87.96
68,96.74
68,86.53
68,35.39
68,63.83
68,47.39
68,126.01
68,107.75
68,43.01
68,75.66
68,77.08
68,67.27
68,88.05
68,86.05
68,83.7
68,70.73
68,51.73
68,77.6
68,50.52
68,123.12
68,89.25
68,137.02
68,105.12
68,117.71
68,50.31
68,106.67
68,99.94
68,88.21
68,127.15
68,136.19
68,67.53
68,106.4
68,52.6
68,85.9
68,106.57
68,118.96
68,67.58
68,87
69,118.08
69,47.66
69,76.35
69,119.3
69,67.86
69,113.24
69,72.6
69,85.66
69,127.6
69,108.92
69,88.63
69,72.44
69,105.55
69,83.5
69,59.58
69,96.13
69,42.14
69,42.02
69,82.68
69,69.54
69,104.97
69,81.33
69,89.26
69,78.37
69,35.76
69,66.84
69,65.1
69,42.39
69,88.04
69,120.23
69,64.82
69,35.17
69,89.65
69,61.16
69,66.4
69,74.04
69,81.31
69,77.61
69,102.69
69,121.14
69,68.84
69,124.84
69,76.27
69,85.06
69,73.64
69,94.77
69,83.15
69,130.13
69,44.82
69,61.85
69,99.27
69,83.46
69,53.08
69,84.45
69,102.35
69,112.19
69,43.44
69,88.75
69,103.24
69,72.64
69,112.41
69,57.1
69,103.74
69,90.14
69,135.3
69,82.75
69,55.13
69,74.93
69,53.73
69,97.18
69,47.51
69,40.53
69,146.94
69,127.25
69,63.58
70,101.54
70,53.37
70,46.58
70,79.78
70,117.18
70,41.11
70,110.33
70,47.27
70,46.04
70,136.32
70,88.94
70,54.57
70,118.04
70,118.87
70,78.27
70,131.68
70,117.16
70,106.49
70,69.13
70,75.27
70,74.79
70,69.93
70,57.08
70,54.66
70,89.95
70,58.15
70,133.22
70,95.84
70,83.27
70,57.53
70,76.15
70,73.37
70,72.8
70,52.76
70,81.68
70,66.31
70,82.18
70,51.24
70,93
70,105.61
70,56.67
70,52.46
70,122.73
70,139.2
70,105.16
70,85.04
70,99.59
70,69.35
70,98.05
70,81.7
70,65.73
70,64.93
70,76.54
70,51.78
70,149.29
70,41.75
70,128.08
70,93.84
70,72.28
70,49.05
70,81.22
70,100.44
70,104.55
70,134.77
70,56.74
70,82.04
70,75.24
70,128.6
70,76.8
70,52.75
70,96.53
70,80.83
70,100.89
70,131.69
70,70.73
70,103.83
70,85.9
70,124.82
70,84.78
70,50.63
70,109.09
70,87.62
70,110.45
70,52.08
70,56.41
70,61.9
70,85.99
70,132.06
70,40.9
70,78.51
70,65.21
70,104.02
70,129.62
70,108.62
70,150.12
70,118.71
70,64.6
70,50.57
70,38.74
71,61.89
71,120.27
71,124.18
71,128.94
71,55.74
71,53.37
71,81.2
71,115.49
71,87.15
71,47.06
71,44.46
71,80.24
71,56.54
71,85.25
71,126.69
71,140.4
71,100.03
71,63.67
71,73.98
71,135.38
71,61.81
71,78.39
71,49.51
71,116.01
71,102.8
71,108.49
71,52.74
71,103.2
71,34.64
71,60.86
71,86.3
71,81.2
71,140.45
71,99.3
71,78.63
71,69.16
71,46.55
71,72.56
71,92.55
71,149.74
71,54.56
71,77.43
71,135.07
71,113.62
71,40.53
71,109.28
71,108.51
71,86.16
71,107.07
71,48.45
71,91.08
71,112.07
71,65.11
71,93.01
71,117.77
71,65.73
71,106.78
71,34.26
71,87.4
71,102.39
71,46.88
71,122.88
71,67.99
71,132.18
71,43.48
71,67.1
71,88.11
71,118.71
71,87.86
71,57.79
71,95.2
71,102.21
71,89.17
71,100.83
71,103.71
71,60.02
71,87.27
71,71.57
71,69.96
71,67.72
71,77.6
71,87.21
71,68.89
71,69.77
71,39.93
71,67.81
71,68.22
71,103.36
71,69.91
72,80.24
72,43.97
72,111.02
72,88.59
72,32.32
72,76.54
72,44.09
72,78.85
72,86.2
72,55.15
72,59.65
72,49.5
72,76.29
72,47.31
72,59.89
72,48.49
72,67.99
72,135.8
72,49.75
72,81.74
72,55.8
72,94.78
72,105.49
72,41.14
72,49.05
72,79.4
72,69.36
72,57.4
72,85.54
72,126.56
72,78.28
72,97.12
72,62.29
72,101.77
72,59.02
72,67.61
72,89.53
72,84.95
72,122.27
72,58.29
72,49.54
72,72.4
72,100.78
72,116.72
72,78.72
72,55.04
72,54.08
72,135.46
72,38.5
72,41.71
72,70.56
72,117.03
72,68.79
72,130.09
72,91.48
72,95.24
72,75.06
72,49.98
72,110.68
72,77.07
72,81.14
72,118.61
72,56.65
72,69.68
72,109.16
72,87.97
72,85.76
72,107.03
72,62.23
72,109
72,43.33
72,74.78
72,81.74
72,59.8
72,39.89
72,113.98
72,54.79
72,119.23
72,76.03
72,73.04
72,32.38
72,61.18
72,77.42
72,54.75
72,45.53
72,58.24
72,112.11
72,72.81
72,123.49
72,57.61
72,65.63
72,70.36
73,115.69
73,40.64
73,70.67
73,56.28
73,65.7
73,102.75
73,48.92
73,134.39
73,42.85
73,78.81
73,60.35
73,129.9
73,74.05
73,128.99
73,126.51
73,83.26
73,115.45
73,85.72
73,67.44
73,60.07
73,71.96
73,122.21
73,48.68
73,68
73,70.33
73,122.89
73,118.76
73,40.57
73,49.92
73,46.53
73,55.61
73,91.01
73,95.3
73,45.51
73,122.92
73,60.51
73,65.52
73,60.18
73,59.99
73,82.41
73,50.32
73,127.14
73,113.32
73,52
73,72.59
73,56.01
73,111.41
73,125.42
73,65.93
73,44.61
73,43.08
73,61.69
73,57.64
73,79.93
73,64.59
73,150.79
73,107.29
73,61.4
73,67.06
73,100.28
73,92.75
73,142.64
73,86.4
73,124.2
73,55
73,83.08
73,53.84
73,81.25
73,74.07
73,48.82
73,66.8
73,69.44
73,129.24
73,53.01
73,43.9
73,148.39
73,103.82
73,81.62
73,121.4
73,57.43
73,52.08
73,77.2
73,51.85
73,55.11
73,81.33
73,43.26
73,66.4
73,120.45
73,73.43
73,68.09
73,132.45
73,122.16
73,125.83
73,111.84
73,43.71
73,57.06
74,91.78
74,131.52
74,53.54
74,78.96
74,100.31
74,62.42
74,41.86
74,111.49
74,110.55
74,88.9
74,82.13
74,111.19
74,103.35
74,137.97
74,140.6
74,116.96
74,105.29
74,47.99
74,107.58
74,74.81
74,40.33
74,60.72
74,98.3
74,114.97
74,115.26
74,65.72
74,92.55
74,34.04
74,56.18
74,75.11
74,56.67
74,74.01
74,82.66
74,36.82
74,64.41
74,95.03
74,69.19
74,113.49
74,56.49
74,139.62
74,101.45
74,67.63
74,138.72
74,93.2
74,37.5
74,106.12
74,107.02
74,108.11
74,107.34
74,56.89
74,132.43
74,69.98
74,56.76
74,86
74,54.51
74,75.2
74,62.67
74,67.1
74,48.95
74,140.99
74,69.03
74,67.45
74,73.71
74,91.95
74,79.05
74,81.06
74,64.81
74,69
74,70.32
74,54.64
74,46.27
74,88.83
74,77.61
74,115.67
74,49.84
74,71.65
74,43.62
74,106.78
74,88.03
74,106.74
74,66.58
74,44.74
74,48.25
74,105.95
74,43.32
74,61.91
74,58.26
74,97.29
75,77.79
75,39.71
75,108.73
75,70.21
75,49.53
75,155.93
75,66.86
75,49.89
75,62.17
75,74.93
75,59.99
75,33.38
75,120.2
75,64.41
75,46.57
75,123.43
75,56.74
75,42.86
75,91.49
75,129.31
75,57.38
75,53.85
75,63.28
75,74.36
75,70.45
75,64.86
75,87.58
75,86.45
75,130.3
75,63.22
75,39.45
75,85.51
75,57.75
75,60.28
75,91.38
75,69.2
75,124.32
75,75.68
75,133.39
75,83.57
75,49.71
75,98.14
75,54.61
75,45.02
75,73.8
75,48.51
75,85.34
75,105.16
75,40.48
75,53.38
75,116.7
75,60.19
75,76
75,59.16
75,56.16
75,63.79
75,108.07
75,115.37
75,71.3
75,44.23
75,125.45
75,107.46
75,43.67
75,113.07
75,95.22
75,80.62
75,79
75,103.5
75,79.75
75,119.49
75,99.11
75,65.22
75,55.36
75,63.19
75,105.82
75,58.31
75,73.71
75,125.4
75,57.5
76,53.53
76,51.93
76,63.81
76,66.04
76,34.84
76,127.07
76,123.99
76,87.78
76,64.02
76,129.19
76,131.53
76,50.82
76,85.79
76,78.9
76,109.73
76,51.43
76,70.96
76,61.16
76,94.57
76,77.01
76,86.42
76,114.66
76,122.45
76,60.46
76,129.24
76,111.99
